[
  {
    "keyword": "Feature",
    "name": "FilterBy",
    "line": 2,
    "id": "filterby",
    "tags": [
      {
        "name": "@connectors",
        "line": 1
      }
    ],
    "uri": "Filter.feature",
    "elements": [
      {
        "id": "filterby;initial-view",
        "keyword": "Scenario",
        "line": 4,
        "name": "Initial view",
        "tags": [
          {
            "name": "@connectors",
            "line": 1
          }
        ],
        "type": "scenario",
        "steps": [
          {
            "arguments": [],
            "keyword": "Given ",
            "line": 5,
            "name": "I'm at 'Home' page",
            "result": {
              "status": "passed",
              "duration": 3724000000
            }
          },
          {
            "arguments": [],
            "keyword": "When ",
            "line": 6,
            "name": "I go to 'connectors' page",
            "result": {
              "status": "passed",
              "duration": 2926000000
            }
          },
          {
            "arguments": [],
            "keyword": "Then ",
            "line": 7,
            "name": "I see 'View All' selected",
            "result": {
              "status": "passed",
              "duration": 70000000
            }
          },
          {
            "arguments": [
              {
                "rows": [
                  {
                    "cells": [
                      "connectors"
                    ]
                  },
                  {
                    "cells": [
                      "\"amazon-web-services-aws\""
                    ]
                  },
                  {
                    "cells": [
                      "\"box\""
                    ]
                  },
                  {
                    "cells": [
                      "\"box-enterprise\""
                    ]
                  }
                ]
              }
            ],
            "keyword": "And ",
            "line": 8,
            "name": "I see all the connectors:",
            "result": {
              "status": "passed",
              "duration": 59000000
            }
          }
        ]
      }
    ]
  }
]